command,mean,stddev,user,system,min,max
./target/release/mul,0.010546695421139242,0.0011737058125118843,0.009943329177215188,0.0007844408860759493,0.00961575113,0.01670471413
./D/d,0.0359786849021519,0.002337151925138455,0.03409504436708861,0.0018896636708860758,0.03336310713,0.04730008713
Rscript R/mul.R,0.13593701008238096,0.003447624877948955,0.1564166188095238,0.020713230000000003,0.13210606713,0.14556553913
python Python/mul.py,0.09097611972375,0.003679381541555714,0.11816481374999999,0.011200746874999999,0.08625924913,0.10331250413000001
julia Julia/mul.jl,0.5787047951300001,0.007289728137735662,0.603342895,0.04449053,0.56960886413,0.58982088613
