command,mean,stddev,user,system,min,max
./target/release/inv,0.0005276115785948037,0.00023718787284859904,0.0005858519393647743,0.000524999884504331,0.00027141444000000105,0.0014129464400000013
./D/d,0.0030721715354198446,0.0004174264554460381,0.0022449880725190848,0.0011966552671755727,0.002654785440000001,0.005453583440000001
Rscript R/inv.R,0.11311260540000001,0.0023902405745219175,0.09738165500000001,0.017598990000000002,0.10982326644000001,0.11740331144
python Python/inv.py,0.08292145778285714,0.0017059977220135454,0.07236402642857143,0.010075896857142858,0.07965154544000001,0.08703581544000001
julia Julia/inv.jl,0.55072131484,0.007335994551692887,0.537818555,0.04644503,0.53725081244,0.56098368444
