command,mean,stddev,median,user,system,min,max
cargo run --release --bin add,0.06270708421916667,0.007360337701096465,0.06232885086499999,0.04542071083333333,0.06554762583333333,0.046854660865,0.077585899865
julia julia/add.jl,0.2581632656831819,0.003370988665434594,0.25728580386500005,0.20532562181818179,0.05193695727272726,0.253248951865,0.265965788865
python python/add.py,0.13135090968318183,0.004101215338414513,0.13091236186500002,0.11457398545454546,0.01610823,0.12354995386499999,0.13808939986500002
