command,mean,stddev,median,user,system,min,max
cargo run --release --bin det,0.04799487081785715,0.008575616881543173,0.047897581175,0.03446728285714286,0.016348563571428575,0.036189421675,0.06789521167500001
julia julia/det.jl,0.6468836017749999,0.021543134345381233,0.644948464175,0.6106345150000001,0.07536646,0.6202415326749999,0.688587232675
python python/det.py,0.16782675539722225,0.005540522107527018,0.16751467267500003,0.18993307055555553,0.018916093333333335,0.16120921867500002,0.18330438467500001
