command,mean,stddev,median,user,system,min,max
cargo run --release --bin inv,0.05348190818222223,0.010304230220406397,0.050662352960000004,0.04225043833333335,0.01902269611111111,0.03805518796000001,0.08534900596
julia julia/inv.jl,0.5984414480600001,0.008926198399135134,0.5978770359600001,0.5323699049999999,0.07120108499999998,0.58461740596,0.61239344496
python python/inv.py,0.16466226113647062,0.005810511291013064,0.16419912696000002,0.18730921088235294,0.02164569088235294,0.15611565796000001,0.17782449996000002
