command,mean,stddev,median,user,system,min,max
cargo run --release --bin mul,0.08290756220884614,0.014933041890797255,0.078960766055,0.13701459115384612,0.06540215846153848,0.07047821655500001,0.143009638555
julia julia/mul.jl,0.4671649114550001,0.011466830320417622,0.470141195555,0.479974545,0.08002121999999999,0.44643233855500003,0.48521371555500004
python python/mul.py,0.1656626368327778,0.014869032509780254,0.161541678555,0.25352485611111114,0.03470606444444444,0.151574834555,0.216657019555
