command,mean,stddev,median,user,system,min,max
cargo run --release --bin s_mul,0.6833656561850001,0.012745087410227576,0.6836950337850001,0.7372573749999999,0.20608268000000002,0.666027783785,0.712009921785
julia julia/s_mul.jl,3.2043741308850002,0.05187576949931966,3.1799928652850005,3.0252352749999996,0.15602098,3.1533180877850002,3.2979063927850003
python python/s_mul.py,0.12202969936833336,0.0025809434904410277,0.12176809628500002,0.1047676083333333,0.016467388333333333,0.118132695785,0.126557185785
