command,mean,stddev,user,system,min,max
./target/release/add,0.012552824761904757,0.0005202985083299801,0.011723311428571432,0.0009655115476190474,0.011670168000000002,0.014215424000000003
Rscript R/add.R,0.1179745186666667,0.0023633288194256042,0.09859094833333332,0.021203075000000002,0.11450848200000001,0.122442561
python Python/add.py,0.0849104308529412,0.0019346863938382987,0.07401588705882352,0.010419580147058823,0.08218143600000001,0.090387561
julia Julia/add.jl,0.39005996490000006,0.0029823593066291066,0.37742864,0.04680912499999999,0.385514385,0.39724675400000004
