command,mean,stddev,user,system,min,max
./target/release/add,0.012427815307142855,0.0005020529592628575,0.011489665238095236,0.0011029955238095232,0.01157052275,0.013912305750000003
./D/d,0.006699532061258282,0.0005093907744630659,0.005582975298013246,0.0012870899337748343,0.006055206750000001,0.008718083750000001
Rscript R/add.R,0.12011824491666667,0.0031243869624206534,0.10327797833333334,0.018573405,0.11534256475000002,0.12732965175000002
python Python/add.py,0.0864078451875,0.0023585916587441362,0.07588008249999999,0.010125269374999999,0.08250788175000001,0.09025891475000002
julia Julia/add.jl,0.39610947985000006,0.0038052605680100418,0.38447727,0.045578379999999995,0.38870357375000003,0.40105561175000004
