command,mean,stddev,user,system,min,max
./target/release/det,0.0005939629972160143,0.00023756139530811763,0.0006305906284916197,0.0005924261824953445,0.00034674836499999943,0.0014718683649999997
./D/d,0.00304201661582508,0.0004133715066818584,0.002190888539603963,0.0012559504290429035,0.0026497383649999994,0.005281035365
Rscript R/det.R,0.11310115796499998,0.002190870728896563,0.09855642499999999,0.01642416,0.109490673365,0.118444086365
python Python/det.py,0.08314790942055555,0.00173526959817318,0.07197696055555555,0.010633993333333331,0.079357002365,0.086656200365
julia Julia/det.jl,0.446715819965,0.00550719109585997,0.43415760499999995,0.046380960000000006,0.440807731365,0.456643190365
