command,mean,stddev,user,system,min,max
./target/release/det,0.000585036929060118,0.00023493050337600944,0.0005509413717188827,0.0006707187002540218,0.000329808620000001,0.001476794620000001
./D/d,0.003090972783265309,0.00039630650088349714,0.0021554539591836707,0.0012997782551020412,0.002702837620000001,0.0044145556200000016
Rscript R/det.R,0.11408205630000003,0.0029109333957549003,0.09935828499999999,0.016427884999999996,0.11026034462000002,0.11988228062000002
python Python/det.py,0.08300109228666668,0.0019950740061728043,0.07082638166666666,0.011692115972222222,0.07937396162000002,0.08823629862000001
julia Julia/det.jl,0.45054419752,0.006220796519084992,0.43628836499999996,0.048379605,0.43970430962000007,0.45810236562000006
