command,mean,stddev,user,system,min,max
./target/release/det,0.0005933107618101162,0.00023658136059143817,0.000691933114463177,0.000564627719609583,0.0003351672800000001,0.00228646428
./D/d,0.0030918485765009207,0.000415996406260621,0.0022484902578268863,0.001283817605893186,0.0026821642800000005,0.004376886280000001
Rscript R/det.R,0.1136317266,0.002303870320098347,0.09977417,0.0157682,0.10987153928000001,0.11852736128000001
python Python/det.py,0.08300781250222224,0.0018806480134338512,0.07181216888888892,0.010826849999999999,0.07943953228,0.08854935128000001
julia Julia/det.jl,0.45155641408,0.005112559359127935,0.44016482999999995,0.045583160000000005,0.43839139928,0.45723823428
