command,mean,stddev,user,system,min,max
./target/release/inv,0.0006266701746739121,0.0010922757285604628,0.0006871663315217391,0.0008134681793478255,0,0.00634277716
Rscript R/inv.R,0.14207310240999999,0.006152257394477112,0.121380105,0.022498614999999993,0.13197142516000002,0.15595615216
julia --compiled-modules=yes -O3 Julia/inv.jl,0.6873847117600002,0.024380342960069037,0.6713549050000001,0.053639165,0.6546824091600001,0.7225317411600001
./D/d,0.004427950028421052,0.0020306313904802807,0.0034814155043859664,0.0013963326754385967,0.0023692091599999995,0.01378532316
python Python/inv.py,0.10462251226,0.00914510392084936,0.08929183833333335,0.0147529395,0.09596075316000001,0.13515599416000001
