command,mean,stddev,user,system,min,max
./target/release/mul,0.010417601495690376,0.0005287273803275456,0.009680496589958155,0.0009312525104602509,0.009650268730000001,0.011935065730000001
./D/d,0.00941969899890757,0.0005272990049018212,0.008086566260504207,0.0014795568697478988,0.008551144730000002,0.011086352730000002
Rscript R/mul.R,0.13403930795727273,0.003306959114141338,0.15400505136363637,0.021815050454545452,0.12879322173,0.14108852273
python Python/mul.py,0.0900628091675,0.0029934093238391823,0.11903707124999997,0.01055363,0.08600919373,0.10050774273
julia Julia/mul.jl,0.58345320573,0.004142554770850022,0.6013608149999998,0.052486605,0.57721523373,0.59121997373
