command,mean,stddev,median,user,system,min,max
cargo run --release --bin add,0.056690013980833315,0.005100811289332795,0.058406235335,0.04457890166666668,0.05653668833333333,0.04697184083500001,0.070859874835
julia julia/add.jl,0.25364868910772725,0.0021636294050344186,0.253962082835,0.20164337136363636,0.05034693454545454,0.249905626835,0.256310968835
python python/add.py,0.12197225579333333,0.0020577795754479085,0.122211029335,0.10457452666666667,0.016603354999999997,0.118761266835,0.125649867835
