command,mean,stddev,median,user,system,min,max
cargo run --release --bin det,0.039283616619545464,0.006827336734865422,0.04087506954,0.024781130454545462,0.011183545738636365,0.030070133540000002,0.06265048754000001
julia julia/det.jl,0.42472404964,0.005579930170950915,0.42550122004,0.37619986,0.051908875,0.41631479254,0.43347462754
python python/det.py,0.12235807149833335,0.002013177310782215,0.12204692254000002,0.15013458500000001,0.010580902083333331,0.11925010454000001,0.12536935454
