command,mean,stddev,median,user,system,min,max
cargo run --release --bin inv,0.04146154942151515,0.006279922233328792,0.04214610427,0.027060591666666654,0.014006115909090905,0.031165366270000005,0.05637232327
julia julia/inv.jl,0.4499112554700001,0.007147337068903077,0.44942693977000003,0.40618702500000003,0.051544709999999994,0.44154615227000005,0.46309251327000006
python python/inv.py,0.12331402906166668,0.0033414882136731474,0.12242680177000001,0.1490190916666667,0.013913592916666663,0.11946179827,0.13191782027
