command,mean,stddev,median,user,system,min,max
cargo run --release --bin mul,0.09452331874741936,0.004291527428822186,0.09591958407000001,0.14870391822580648,0.09277573064516129,0.08531487807,0.10014544007000001
julia julia/mul.jl,0.49670092767000007,0.003920739979722261,0.49592603657,0.5158302149999999,0.05728365,0.49109774507000004,0.5035878030700001
python python/mul.py,0.16070060618111112,0.002735697014214258,0.16091429157,0.2512557372222222,0.017720205555555552,0.15670773007,0.16514943307000002
