command,mean,stddev,median,user,system,min,max
cargo run --release --bin solve,0.05533809657069768,0.011339466682159625,0.05312133378,0.047126288720930214,0.01922928988372093,0.03979473478,0.08286493978000001
julia julia/solve.jl,0.73775223848,0.017284411655224943,0.73986371978,0.7151393049999999,0.06814015500000001,0.7114360007800001,0.7586213647800001
python python/solve.py,0.1673360355447059,0.006184676277445557,0.16734932178,0.18999440499999995,0.016872696176470588,0.15948169178,0.18538040178000004
